,image_name,label,feature1,feature2
0,0.png,5,20.4388,-16.499464
1,1.png,0,32.89029,-14.001527
2,2.png,4,-39.098446,-36.93558
3,3.png,1,17.673944,7.668719
4,4.png,9,-22.573544,-12.311383
5,5.png,2,47.639847,23.921131
6,6.png,1,2.3506787,51.751095
7,7.png,3,3.5933142,-1.9068218
8,8.png,1,6.5335536,48.943985
9,9.png,4,-8.42413,-45.603207
10,10.png,3,5.2186584,7.9415073
11,11.png,5,25.893188,-38.8602
12,12.png,3,-9.223785,12.925143
13,13.png,6,-20.104033,38.11359
14,14.png,1,16.872562,47.850193
15,15.png,7,-29.614368,19.698877
16,16.png,2,36.249783,15.41224
17,17.png,8,11.225361,-38.070942
18,18.png,6,-13.596285,28.70923
19,19.png,9,-19.71771,0.9803219
20,20.png,4,-40.305218,-34.96888
21,21.png,0,33.576744,-17.569727
22,22.png,9,-19.27938,-4.4761534
23,23.png,1,17.746458,7.576502
24,24.png,1,11.475313,39.227287
25,25.png,2,29.221214,28.585697
26,26.png,4,-19.212524,-31.466692
27,27.png,3,-2.4075637,2.8333817
28,28.png,2,-21.663916,12.3381405
29,29.png,7,-17.977459,18.454674
30,30.png,3,-11.24543,16.799553
31,31.png,8,12.802007,-41.15464
32,32.png,6,-20.953884,26.502716
33,33.png,9,-19.219313,1.6586106
34,34.png,0,26.44378,-8.438784
35,35.png,5,29.932245,-34.008175
36,36.png,6,-11.921353,25.200907
37,37.png,0,27.65093,-10.288083
38,38.png,7,-36.403934,-2.4904897
39,39.png,6,-17.46058,36.63813
40,40.png,1,3.7270625,36.996796
41,41.png,8,4.3983727,-31.40497
42,42.png,7,-37.162373,2.1260502
43,43.png,9,-21.33656,0.05613922
44,44.png,3,-10.3060875,-0.7627198
45,45.png,9,-24.182152,-10.794461
46,46.png,8,-4.532156,-27.138985
47,47.png,5,22.241117,-29.386683
48,48.png,9,-11.834084,-0.4162431
49,49.png,3,1.0495926,1.4311153
50,50.png,3,0.5163589,15.9254675
51,51.png,0,43.23815,-10.067801
52,52.png,7,-43.430798,11.988608
53,53.png,4,-9.739129,-34.673622
54,54.png,9,-25.96986,-10.055215
55,55.png,8,1.9991461,-37.23132
56,56.png,0,46.98259,-4.5941715
57,57.png,9,-17.9347,-4.358931
58,58.png,4,-29.54683,-32.754086
59,59.png,1,23.243141,9.0506315
60,60.png,4,-41.397434,-39.181858
61,61.png,4,-6.026709,-40.494694
62,62.png,6,-10.9833355,29.625246
63,63.png,0,37.166798,-14.062176
64,64.png,4,-31.879856,-45.793858
65,65.png,5,25.576817,-39.314144
66,66.png,6,-13.190776,33.359287
67,67.png,1,16.99414,28.839739
68,68.png,0,53.514732,-9.281629
69,69.png,0,32.046116,-0.11332059
70,70.png,1,12.917116,40.750042
71,71.png,7,-28.900629,21.007746
72,72.png,1,17.453386,42.92079
73,73.png,6,-15.834602,33.78921
74,74.png,3,-2.6459808,7.405554
75,75.png,0,29.792208,-7.5120816
76,76.png,2,26.634575,35.611076
77,77.png,1,15.749963,13.424275
78,78.png,1,20.35596,18.066242
79,79.png,7,-19.095575,18.54585
80,80.png,9,10.884729,-4.2051063
81,81.png,0,29.736929,-7.4116836
82,82.png,2,35.94331,11.459885
83,83.png,6,-16.560326,40.824684
84,84.png,7,-38.337116,5.938019
85,85.png,8,3.2387388,-30.89932
86,86.png,3,-13.350873,13.502263
87,87.png,9,-14.384083,-7.987855
88,88.png,0,47.903004,-3.1221797
89,89.png,4,-14.493747,-49.372612
90,90.png,6,-17.02213,39.680164
91,91.png,7,-33.64363,23.383265
92,92.png,4,-30.631195,-35.890945
93,93.png,6,-14.223546,32.279095
94,94.png,8,3.4684947,-36.057014
95,95.png,0,29.273182,-5.177846
96,96.png,7,-34.360725,10.814067
97,97.png,8,5.8559375,-37.40898
98,98.png,3,-2.9012017,6.9658933
99,99.png,1,17.52523,12.185214
100,100.png,5,15.847701,-24.538904
101,101.png,7,-39.22182,20.564604
102,102.png,1,16.225851,46.110622
103,103.png,7,-34.37688,15.859973
104,104.png,1,5.676179,55.99759
105,105.png,1,21.707396,20.126888
106,106.png,6,-18.082865,29.380362
107,107.png,3,9.796746,5.658616
108,108.png,0,53.692036,-13.183453
109,109.png,2,40.381237,36.70397
110,110.png,9,-42.24904,-17.892963
111,111.png,3,2.9750617,-4.332734
112,112.png,1,7.170431,35.261875
113,113.png,1,24.053434,18.100103
114,114.png,0,45.427376,-21.53334
115,115.png,4,-12.115213,-47.53264
116,116.png,9,-29.465858,-17.211332
117,117.png,2,34.805824,33.418507
118,118.png,0,39.378803,-5.6174927
119,119.png,0,33.27446,-18.358484
120,120.png,2,-31.461636,6.958017
121,121.png,0,49.036568,-11.296786
122,122.png,2,33.59059,29.105867
123,123.png,7,-26.678577,21.294369
124,124.png,1,20.229923,39.70225
125,125.png,8,5.2845917,-30.514927
126,126.png,6,-14.326807,21.457035
127,127.png,4,-6.7547936,-47.24013
128,128.png,1,3.1139786,34.01438
129,129.png,6,-8.248957,34.773907
130,130.png,3,-2.9750152,0.87865657
131,131.png,4,-7.5942564,-45.71411
132,132.png,5,2.9322596,9.776515
133,133.png,9,-25.668901,-2.182307
134,134.png,1,2.3553996,57.433754
135,135.png,3,9.097633,2.090289
136,136.png,3,-11.954544,8.802895
137,137.png,8,8.259932,-33.065636
138,138.png,5,18.509481,-7.359807
139,139.png,4,-11.430989,-40.37496
140,140.png,7,-27.068695,5.4294167
141,141.png,7,-18.717552,18.514345
142,142.png,4,-18.780352,-32.077385
143,143.png,2,38.24581,36.85658
144,144.png,8,-7.484909,-20.388336
145,145.png,5,24.623512,-36.75111
146,146.png,8,3.7175293,-38.487396
147,147.png,6,-17.05387,31.661018
148,148.png,7,-18.486086,6.686327
149,149.png,3,-7.0163765,7.389147
150,150.png,4,-18.022787,-24.278105
151,151.png,6,-14.095568,39.112667
152,152.png,1,16.319517,36.64995
153,153.png,9,-19.835613,-1.8670208
154,154.png,9,-44.046375,3.179757
155,155.png,6,-10.162942,36.54078
156,156.png,0,43.283405,-21.374187
157,157.png,3,9.341668,1.317625
158,158.png,7,-54.252216,-2.7950642
159,159.png,2,34.90862,33.32662
160,160.png,8,-6.2424307,-22.98634
161,161.png,2,29.577486,27.598217
162,162.png,9,-32.18513,-12.623748
163,163.png,4,-5.9871182,-40.26273
164,164.png,4,-35.86809,-35.38034
165,165.png,6,-13.260268,34.441097
166,166.png,4,-13.164583,-39.541588
167,167.png,9,-15.067096,-9.792905
168,168.png,7,-27.335398,6.763384
169,169.png,0,29.113514,-5.162339
170,170.png,9,-37.01604,-12.932473
171,171.png,2,34.81776,33.32928
172,172.png,9,-46.83168,7.195376
173,173.png,5,30.549835,-36.440254
174,174.png,1,9.079936,33.220387
175,175.png,5,26.213161,-35.319717
176,176.png,9,-35.511276,-8.964784
177,177.png,1,12.780162,15.9106455
178,178.png,2,45.90906,7.4284363
179,179.png,3,3.3590767,-4.004101
180,180.png,2,21.662008,33.55298
181,181.png,3,4.370098,-3.5141993
182,182.png,5,14.206208,-4.264229
183,183.png,9,-21.23998,-9.716649
184,184.png,1,8.577673,52.961006
185,185.png,7,-33.954556,23.350132
186,186.png,6,-27.202812,28.9978
187,187.png,2,32.915794,31.598593
188,188.png,8,-9.110242,-25.476793
189,189.png,2,37.374874,35.99435
190,190.png,2,35.576057,32.253498
191,191.png,5,24.587263,-36.973385
192,192.png,0,32.589127,-4.2723036
193,193.png,7,-33.532024,23.330736
194,194.png,4,-29.514732,-37.868896
195,195.png,9,-18.261282,-1.57247
196,196.png,7,-50.970116,-0.5829261
197,197.png,8,10.031196,-37.797558
198,198.png,3,-2.3697555,13.025906
199,199.png,2,43.77839,31.658558
200,200.png,1,1.6937256,51.640842
201,201.png,1,17.33951,7.1276445
202,202.png,8,5.0504045,-32.125538
203,203.png,3,4.322388,-3.4452188
204,204.png,6,-20.39687,30.007801
205,205.png,1,25.842545,9.177254
206,206.png,0,50.252827,-8.87008
207,207.png,3,12.004551,-1.3952671
208,208.png,1,4.7402997,29.523922
209,209.png,0,51.29123,-9.9250965
210,210.png,0,42.71265,0.49672502
211,211.png,1,5.1624203,30.035933
212,212.png,7,-1.5040668,42.111576
213,213.png,2,44.962517,21.702213
214,214.png,7,-50.315865,4.148855
215,215.png,3,9.125026,6.1660194
216,216.png,0,35.301716,2.3357267
217,217.png,4,-23.292353,-35.805416
218,218.png,6,-24.389673,30.3906
219,219.png,5,23.903809,-19.185781
220,220.png,2,26.266214,25.158499
221,221.png,6,-24.385494,41.39034
222,222.png,4,-39.772266,-39.83048
223,223.png,7,-34.547005,19.31228
224,224.png,1,-22.343565,8.934404
225,225.png,8,12.412783,-35.473026
226,226.png,9,-38.99364,-12.638985
227,227.png,9,-25.595438,-4.1518664
228,228.png,3,-13.100683,1.5772532
229,229.png,0,51.79615,-6.757758
230,230.png,7,-25.391527,14.758682
231,231.png,1,15.311522,35.079533
232,232.png,0,32.103096,2.0600052
233,233.png,2,47.230713,18.762957
234,234.png,0,34.758423,-3.2831755
235,235.png,3,9.287437,4.298266
236,236.png,5,19.666365,-27.185009
237,237.png,4,-21.585987,-37.72278
238,238.png,6,-24.10869,36.120125
239,239.png,5,27.178137,-26.821058
240,240.png,8,2.0653377,-26.289995
241,241.png,6,-31.846773,38.673386
242,242.png,3,9.248945,14.701482
243,243.png,7,-37.15216,16.29244
244,244.png,5,10.917376,-10.19556
245,245.png,8,8.366051,-37.613388
246,246.png,0,53.191807,-8.6559925
247,247.png,9,-25.51923,-4.1597004
248,248.png,1,2.379329,54.279514
249,249.png,0,52.475037,-11.3997345
250,250.png,3,-11.233083,17.477297
251,251.png,1,4.403232,29.068296
252,252.png,2,33.69277,35.94289
253,253.png,2,48.19278,9.607789
254,254.png,3,0.9954292,16.699465
255,255.png,3,9.275068,2.5209103
256,256.png,6,-3.4309492,27.772657
257,257.png,4,-14.088173,-41.332996
258,258.png,7,-30.433594,9.741882
259,259.png,5,30.530306,-30.51359
260,260.png,0,47.23326,-25.424788
261,261.png,6,-14.223004,40.097416
262,262.png,2,-2.1367295,35.96665
263,263.png,7,-37.182697,16.62465
264,264.png,9,-45.945663,-21.977747
265,265.png,8,7.9215837,-39.74327
266,266.png,5,13.128884,-9.297591
267,267.png,9,-27.11165,-6.655253
268,268.png,2,-31.255035,3.4090784
269,269.png,1,17.710684,25.301962
270,270.png,1,19.52553,37.639416
271,271.png,4,-14.29598,-36.937847
272,272.png,4,-21.415653,-47.540665
273,273.png,5,27.294178,-26.849998
274,274.png,6,-5.0306478,29.592249
275,275.png,4,-14.309398,-41.23553
276,276.png,1,8.830176,28.330143
277,277.png,2,45.790203,12.652551
278,278.png,5,11.844686,12.953201
279,279.png,3,3.1965883,-2.4652295
280,280.png,9,-23.023006,-10.423018
281,281.png,3,10.124441,5.051179
282,282.png,9,-46.24395,-14.339436
283,283.png,0,47.242546,-9.994785
284,284.png,5,8.160652,-8.214014
285,285.png,9,-26.014578,-4.4853034
286,286.png,6,-17.15911,42.94403
287,287.png,5,30.993418,-34.02493
288,288.png,7,-39.093887,4.605635
289,289.png,4,-14.280443,-37.227863
290,290.png,1,12.641785,26.569035
291,291.png,3,7.247179,5.7920856
292,292.png,4,-17.704548,-26.0079
293,293.png,0,41.276695,-7.2943873
294,294.png,4,-42.10668,-38.128643
295,295.png,8,11.909916,-36.421677
296,296.png,0,40.457787,-4.706404
297,297.png,4,-14.119959,-41.44631
298,298.png,3,-9.784323,10.4259815
299,299.png,6,-26.292402,40.17354
300,300.png,8,0.72109663,-27.308258
301,301.png,7,-32.73569,18.707195
302,302.png,6,-10.832757,37.005135
303,303.png,0,34.76696,-12.120246
304,304.png,9,-43.696747,-4.2399917
305,305.png,7,-24.077095,16.98576
306,306.png,5,5.47398,-5.9004383
307,307.png,7,-27.461105,12.605357
308,308.png,2,44.322414,13.844517
309,309.png,1,20.793676,23.1202
310,310.png,1,7.609297,35.411522
311,311.png,6,-20.659576,41.518093
312,312.png,8,-4.153032,-23.712759
313,313.png,9,-25.02745,-5.31373
314,314.png,4,-27.433065,-43.072784
315,315.png,1,21.139767,15.359087
316,316.png,5,8.273204,-8.068105
317,317.png,2,47.43274,11.757594
318,318.png,2,41.098244,32.71315
319,319.png,9,-16.559046,-4.6064515
320,320.png,0,32.887356,-2.551908
321,321.png,3,9.233941,4.019647
322,322.png,9,-40.906845,-20.857538
323,323.png,6,-28.420324,39.075954
324,324.png,7,-31.937344,0.846187
325,325.png,2,46.946896,15.277011
326,326.png,0,34.681244,-5.4517045
327,327.png,3,10.565983,2.9186878
328,328.png,5,14.185313,-19.030409
329,329.png,4,-15.224289,-42.21034
330,330.png,3,-0.8195576,17.734173
331,331.png,6,-14.360091,36.79627
332,332.png,5,13.954604,-13.56831
333,333.png,8,0.6901691,-19.753159
334,334.png,9,-35.144855,-21.162825
335,335.png,5,30.620522,-31.043373
336,336.png,4,-20.353502,-32.094547
337,337.png,7,-33.342014,20.495708
338,338.png,4,-21.968752,-38.612305
339,339.png,2,48.03664,17.36967
340,340.png,7,-44.948067,-6.3752093
341,341.png,3,10.669778,4.629496
342,342.png,4,-18.90272,-30.528902
343,343.png,8,12.306699,-36.8514
344,344.png,9,-35.69526,-15.995904
345,345.png,1,21.522697,15.394178
346,346.png,9,-24.360334,-0.6026908
347,347.png,2,46.842754,11.860465
348,348.png,8,-2.0909472,-27.327469
349,349.png,7,-38.66079,16.179487
350,350.png,9,-32.256416,-18.465998
351,351.png,1,22.52568,11.976277
352,352.png,8,0.25369403,-11.834552
353,353.png,7,-22.399296,11.293646
354,354.png,4,-19.707077,-29.574186
355,355.png,1,25.727968,10.496599
356,356.png,3,-7.0294585,1.7903217
357,357.png,1,20.620281,17.34988
358,358.png,1,8.714933,53.950813
359,359.png,0,39.86459,-10.794375
360,360.png,2,27.363857,37.386913
361,361.png,3,3.7551377,-2.2798975
362,362.png,9,-29.975153,-16.56807
363,363.png,4,-10.222757,-38.11331
364,364.png,9,-26.363258,-20.434628
365,365.png,2,42.296318,18.58152
366,366.png,1,17.476868,41.7689
367,367.png,6,-20.90933,41.727074
368,368.png,8,8.461573,-29.721226
369,369.png,4,-19.414618,-40.933376
370,370.png,7,-27.994654,1.5284759
371,371.png,7,-41.541527,18.25219
372,372.png,4,-19.996387,-32.780254
373,373.png,4,-15.323195,-41.997734
374,374.png,9,-35.96376,-17.36502
375,375.png,2,48.309624,17.08262
376,376.png,5,-4.6889853,-20.048084
377,377.png,7,-33.453083,20.872438
378,378.png,2,36.950283,20.505714
379,379.png,4,-9.087473,-39.827267
380,380.png,4,-37.160675,-39.161655
381,381.png,2,45.790413,18.739311
382,382.png,1,13.6971,44.57359
383,383.png,9,-17.0299,-10.341012
384,384.png,7,-37.4659,-3.815193
385,385.png,2,48.239296,17.786638
386,386.png,8,-7.970323,-12.874041
387,387.png,7,-27.348776,14.993185
388,388.png,6,-13.194346,25.40894
389,389.png,9,-20.442322,-5.408576
390,390.png,2,27.640356,31.13353
391,391.png,2,50.722523,14.251013
392,392.png,3,-9.85058,8.081084
393,393.png,8,9.551845,-41.365757
394,394.png,1,10.775002,49.989094
395,395.png,6,-14.13638,40.187996
396,396.png,5,16.889435,-13.259642
397,397.png,1,26.052563,10.757127
398,398.png,1,6.6668143,45.4833
399,399.png,0,34.308403,-16.135214
400,400.png,2,36.048462,23.324354
401,401.png,6,-12.875154,36.571754
402,402.png,4,-20.625559,-41.981888
403,403.png,5,30.105175,-29.680756
404,404.png,8,-7.7184153,8.664991
405,405.png,3,10.658555,4.6680655
406,406.png,1,9.766947,50.36244
407,407.png,5,30.174303,-29.80212
408,408.png,1,10.1264,34.182396
409,409.png,9,-16.31793,-4.711157
410,410.png,2,33.43552,33.191742
411,411.png,7,-24.044075,16.998737
412,412.png,4,-12.808895,-31.411528
413,413.png,4,-13.825571,-40.94242
414,414.png,4,-21.500872,-24.224123
415,415.png,8,10.73776,-42.839844
416,416.png,1,18.647736,20.0386
417,417.png,5,28.836397,-37.50251
418,418.png,8,26.937397,-38.858627
419,419.png,9,-19.251137,-6.7425117
420,420.png,5,18.752684,-18.44291
421,421.png,6,-14.398984,38.997684
422,422.png,7,-30.065449,3.4872806
423,423.png,9,-18.276873,-2.2114086
424,424.png,9,-44.356087,-12.096214
425,425.png,3,13.208183,0.4707522
426,426.png,7,-49.790432,13.797005
427,427.png,0,40.40122,-16.862413
428,428.png,9,-40.03264,-13.226783
429,429.png,0,47.441658,-10.316393
430,430.png,6,-12.401848,28.278404
431,431.png,6,-17.831291,37.508858
432,432.png,2,37.5947,14.384577
433,433.png,3,9.046957,4.4163585
434,434.png,9,-41.693687,-21.523096
435,435.png,0,49.967773,-15.240255
436,436.png,7,-45.83688,5.663449
437,437.png,5,31.171646,-33.895164
438,438.png,4,-28.14909,-35.06283
439,439.png,8,13.51867,-40.563026
440,440.png,0,52.638805,-3.8681247
441,441.png,9,-25.174025,-3.2384348
442,442.png,4,-22.017508,-37.275528
443,443.png,1,25.78778,11.228859
444,444.png,2,28.599434,43.41026
445,445.png,8,8.655097,-38.622326
446,446.png,7,-49.26573,-4.251759
447,447.png,1,26.03869,10.670101
448,448.png,2,47.00272,22.348177
449,449.png,6,-14.282913,39.193428
450,450.png,1,5.694141,32.696198
451,451.png,0,29.049578,-4.2460275
452,452.png,3,8.914949,16.45391
453,453.png,0,40.609123,-20.995932
454,454.png,1,5.8471813,39.60586
455,455.png,1,16.438286,13.208077
456,456.png,8,6.157842,-32.525105
457,457.png,2,42.801163,10.192339
458,458.png,0,45.255493,-5.801713
459,459.png,3,-8.204167,-3.9928749
460,460.png,9,-36.82315,-21.248575
461,461.png,4,-17.13893,-46.440136
462,462.png,0,48.73069,-20.42698
463,463.png,5,25.706013,-36.90488
464,464.png,0,53.31052,-4.7971115
465,465.png,6,-13.003568,42.210632
466,466.png,1,12.040673,21.796204
467,467.png,7,-26.233578,18.899076
468,468.png,7,-56.859245,-1.4934802
469,469.png,8,4.618639,-44.412003
470,470.png,1,11.380133,49.815586
471,471.png,9,-16.86,-1.3488734
472,472.png,2,21.45379,37.543705
473,473.png,0,36.60692,-22.582294
474,474.png,5,21.959463,-21.856821
475,475.png,1,20.13327,5.679328
476,476.png,2,44.9667,30.080622
477,477.png,2,44.172726,8.590742
478,478.png,7,-34.84056,-1.9297062
479,479.png,3,-2.0361924,2.2875226
480,480.png,5,13.315056,-20.710562
481,481.png,4,-13.357228,-51.507553
482,482.png,9,-19.557314,-17.165388
483,483.png,7,-20.036648,15.107363
484,484.png,1,8.390395,43.59921
485,485.png,8,5.9832997,-45.282787
486,486.png,3,-11.036309,15.177391
487,487.png,9,-15.736808,2.0783613
488,488.png,6,-33.103016,29.54147
489,489.png,0,39.845432,-25.49647
490,490.png,3,2.7760673,16.83609
491,491.png,1,21.129032,1.182265
492,492.png,1,15.325552,12.675131
493,493.png,2,53.109776,14.9953
494,494.png,6,-36.452137,28.903557
495,495.png,3,6.6930585,16.913498
496,496.png,5,19.33079,-8.172089
497,497.png,7,-17.635622,15.088149
498,498.png,6,-14.050099,26.52933
499,499.png,8,10.479556,-34.598553
500,500.png,3,-34.647736,4.1065745
501,501.png,9,-15.683626,2.3486273
502,502.png,5,14.0868635,-22.907122
503,503.png,8,12.444467,-39.831593
504,504.png,5,13.420499,-7.5748253
505,505.png,7,-35.122627,21.694504
506,506.png,6,-37.43942,40.008904
507,507.png,1,19.698645,5.6570997
508,508.png,1,18.225859,4.7400837
509,509.png,3,6.3782387,-3.18982
510,510.png,1,14.652868,22.115803
511,511.png,7,-18.334606,16.36813
512,512.png,5,11.123197,-20.919474
513,513.png,5,25.465544,-36.021877
514,514.png,5,4.1074862,10.465965
515,515.png,2,52.277298,13.695754
516,516.png,5,8.202489,-17.220648
517,517.png,8,6.164906,-29.66819
518,518.png,7,-31.247269,3.631672
519,519.png,0,36.82734,-23.839006
520,520.png,9,-32.151543,-15.0433855
521,521.png,7,-33.03889,22.772734
522,522.png,7,-41.43385,12.888374
523,523.png,5,27.128366,-37.614742
524,524.png,0,50.732037,-4.9158926
525,525.png,9,-14.482552,-3.2328353
526,526.png,0,47.632847,-7.76024
527,527.png,0,32.012188,-24.809368
528,528.png,8,-10.382304,-13.627917
529,529.png,9,-15.654814,1.6008265
530,530.png,2,40.201492,26.99618
531,531.png,4,-5.2459373,-48.644707
532,532.png,8,-7.909099,-19.48764
533,533.png,1,21.179855,-0.6112659
534,534.png,6,-31.827213,30.405113
535,535.png,1,22.456009,2.2996035
536,536.png,6,-21.65392,36.937668
537,537.png,5,29.100784,-34.29646
538,538.png,1,15.504042,20.718475
539,539.png,8,-0.81065995,-35.278538
540,540.png,3,-5.364946,-3.6306055
541,541.png,4,-11.132909,-45.1642
542,542.png,0,31.003443,-1.3878787
543,543.png,5,25.68185,-30.5526
544,544.png,5,6.9164863,11.967634
545,545.png,8,5.671454,-29.822914
546,546.png,3,-2.2437181,20.483994
547,547.png,6,-16.20718,32.99248
548,548.png,2,40.259933,8.785551
549,549.png,3,5.421478,-0.9759115
550,550.png,9,-35.231796,-16.553022
551,551.png,2,43.6426,9.060974
552,552.png,1,11.2753,38.975586
553,553.png,1,18.380934,7.9924717
554,554.png,5,9.502392,-9.088542
555,555.png,2,42.908867,10.147156
556,556.png,1,0.56694734,35.518524
557,557.png,3,5.560434,-0.7891769
558,558.png,2,35.69668,40.706146
559,559.png,8,11.64076,-37.499573
560,560.png,7,-21.224836,7.3225617
561,561.png,3,11.243042,1.3888731
562,562.png,7,-50.506264,3.508835
563,563.png,2,49.12575,11.735596
564,564.png,4,-23.495771,-41.32108
565,565.png,6,-14.799337,43.83739
566,566.png,9,-32.590584,-12.82281
567,567.png,7,-22.2119,15.448333
568,568.png,2,32.53805,15.226514
569,569.png,4,-8.684277,-44.964073
570,570.png,2,39.989864,25.895933
571,571.png,8,6.222051,-38.717224
572,572.png,1,5.432742,34.94766
573,573.png,1,17.727066,8.578257
574,574.png,3,-5.6126227,-2.4076648
575,575.png,8,11.490453,-40.758526
576,576.png,4,-27.290369,-29.93276
577,577.png,0,34.26523,-21.954163
578,578.png,6,-12.433358,21.955774
579,579.png,5,20.376886,-34.35246
580,580.png,9,-34.123035,-12.341231
581,581.png,3,10.797805,0.9851229
582,582.png,0,35.42904,2.3903942
583,583.png,9,-16.145504,2.0515566
584,584.png,2,36.570667,12.795647
585,585.png,4,-13.79197,-50.26117
586,586.png,7,-19.823233,11.427729
587,587.png,1,20.75648,1.9739164
588,588.png,2,22.175549,28.880127
589,589.png,9,-14.368065,-4.41334
590,590.png,4,-19.226837,-20.877361
591,591.png,2,50.446312,12.102278
592,592.png,6,-31.33067,28.71641
593,593.png,1,22.529606,5.431371
594,594.png,8,0.55859745,-15.537894
595,595.png,9,-16.179619,1.682524
596,596.png,0,48.827087,-0.5045496
597,597.png,6,-7.93826,36.20694
598,598.png,6,-14.033795,40.405293
599,599.png,7,-21.210846,16.76267
600,600.png,9,-29.259706,-4.4307904
601,601.png,9,-13.189324,-3.2790017
602,602.png,8,-1.6788696,-16.274136
603,603.png,0,27.92635,-15.601251
604,604.png,1,8.749031,22.53388
605,605.png,4,-4.277594,-48.03448
606,606.png,4,-40.31568,-33.855873
607,607.png,6,-13.472713,47.04143
608,608.png,7,-48.539265,-3.4856248
609,609.png,1,17.784391,7.5477557
610,610.png,5,11.051138,-26.635439
611,611.png,7,-17.615763,10.136431
612,612.png,0,39.386333,-0.8587969
613,613.png,3,2.7794092,0.56895417
614,614.png,5,30.474186,-36.365376
615,615.png,8,4.1114306,-43.68648
616,616.png,4,-32.446552,-39.88162
617,617.png,7,-22.829077,16.09052
618,618.png,1,11.463511,50.478615
619,619.png,2,53.221466,15.04195
620,620.png,5,6.951918,-10.05848
621,621.png,9,-16.80731,-4.4935102
622,622.png,5,4.416581,-9.991242
623,623.png,6,-8.007184,37.12487
624,624.png,7,-32.17507,6.499424
625,625.png,5,19.052437,-21.315836
626,626.png,9,-12.128901,-10.556538
627,627.png,8,17.825521,-40.43856
628,628.png,8,-4.595788,-14.927027
629,629.png,3,3.6621501,-0.82818943
630,630.png,6,-10.106451,25.626564
631,631.png,9,-12.938463,-3.360906
632,632.png,7,-48.977287,13.255274
633,633.png,0,29.606033,-19.260675
634,634.png,7,-27.190386,3.384107
635,635.png,5,49.199024,24.342451
636,636.png,7,-32.67158,13.577771
637,637.png,1,21.869692,6.284549
638,638.png,1,6.027482,46.948914
639,639.png,0,32.41072,-13.858221
640,640.png,7,-52.733936,0.9678884
641,641.png,9,-16.365824,2.1772816
642,642.png,2,44.25819,16.939703
643,643.png,3,4.4625306,1.6070584
644,644.png,7,14.442241,18.558138
645,645.png,3,-0.99828494,-0.61767095
646,646.png,2,26.005661,31.150232
647,647.png,4,-4.735732,-48.48138
648,648.png,1,18.122393,29.91849
649,649.png,6,-6.956235,36.54269
650,650.png,2,33.283504,40.641415
651,651.png,7,-22.395144,17.22803
652,652.png,5,20.47959,-15.517479
653,653.png,5,22.580881,-25.749865
654,654.png,7,-37.380417,7.9151273
655,655.png,4,-7.3575606,-49.2435
656,656.png,0,28.145176,-9.693873
657,657.png,2,26.98955,19.24743
658,658.png,6,-35.089,37.879944
659,659.png,3,5.937127,-3.0326946
660,660.png,6,-16.510725,24.56719
661,661.png,4,-3.8385062,-47.421173
662,662.png,0,34.771954,-5.8822093
663,663.png,4,-8.029245,-48.762836
664,664.png,2,36.716236,40.289448
665,665.png,6,-7.1013,37.608074
666,666.png,0,27.781448,-5.932696
667,667.png,0,32.32087,-25.015108
668,668.png,0,44.85175,0.6584826
669,669.png,0,32.445335,-16.891476
670,670.png,3,-5.916895,19.708225
671,671.png,1,16.285486,8.199424
672,672.png,6,-10.440056,30.041534
673,673.png,2,46.991077,22.346718
674,674.png,2,19.064161,32.105213
675,675.png,3,8.37048,7.868829
676,676.png,1,10.2807045,28.121204
677,677.png,4,-19.322716,-49.34055
678,678.png,1,6.078912,42.15992
679,679.png,5,20.446089,-8.181242
680,680.png,4,-13.624666,-44.84109
681,681.png,6,-19.796858,43.6161
682,682.png,4,-34.430252,-29.244074
683,683.png,7,-25.193317,16.240356
684,684.png,2,38.066044,15.967915
685,685.png,8,10.341987,-37.748596
686,686.png,7,-49.14501,0.464104
687,687.png,9,-19.083693,-15.220152
688,688.png,2,32.79512,39.87926
689,689.png,0,32.485672,-16.78509
690,690.png,5,11.282805,-10.646399
691,691.png,1,16.138212,8.36141
692,692.png,4,-26.733618,-37.375053
693,693.png,2,45.392273,28.974583
694,694.png,8,-6.4780064,-20.808165
695,695.png,3,9.444919,3.7936285
696,696.png,2,27.575504,29.790155
697,697.png,4,-18.886568,-49.73648
698,698.png,1,20.514309,15.696946
699,699.png,5,19.474705,-5.9620175
700,700.png,4,-13.701145,-44.966995
701,701.png,6,-19.801409,43.633125
702,702.png,0,37.80305,-3.55726
703,703.png,7,-33.405228,21.436756
704,704.png,9,-39.78546,-26.855354
705,705.png,8,12.6191635,-41.240074
706,706.png,4,-36.141617,-31.702528
707,707.png,9,-19.47817,-7.194582
708,708.png,8,-5.9825544,-20.60373
709,709.png,0,38.07068,-17.897356
710,710.png,1,11.0381155,45.249462
711,711.png,1,18.111893,6.009629
712,712.png,0,26.272938,-14.986945
713,713.png,2,48.367588,18.526522
714,714.png,2,35.75802,32.165287
715,715.png,3,9.620867,3.5592575
716,716.png,2,39.37815,12.087967
717,717.png,4,-15.786312,-48.901737
718,718.png,4,-41.39092,-11.152706
719,719.png,5,11.50827,-14.676694
720,720.png,8,1.5193778,49.944923
721,721.png,6,-10.66285,40.80243
722,722.png,5,7.4002414,-11.870555
723,723.png,7,-23.387472,18.870855
724,724.png,7,-49.76193,5.122157
725,725.png,8,10.621757,-38.02085
726,726.png,8,-7.892045,-19.116186
727,727.png,9,-16.200449,-10.642762
728,728.png,7,-22.042088,8.049519
729,729.png,4,-18.996145,-49.72732
730,730.png,7,-32.281563,2.7078564
731,731.png,3,9.53251,3.6030488
732,732.png,2,30.54954,32.147808
733,733.png,0,39.560974,-19.634016
734,734.png,8,-8.759333,-20.474602
735,735.png,6,-8.511376,39.795208
736,736.png,8,-13.810832,10.882434
737,737.png,6,-6.477658,38.585873
738,738.png,1,6.1439757,51.719734
739,739.png,6,-15.74897,44.48993
740,740.png,8,4.4085336,-22.935627
741,741.png,9,-18.626966,-15.4082575
742,742.png,4,-29.786074,-45.84339
743,743.png,0,34.999474,-20.55068
744,744.png,9,-27.18061,-21.664085
745,745.png,0,32.180634,-22.157816
746,746.png,4,-17.4883,-27.739988
747,747.png,1,23.625889,6.6765103
748,748.png,5,12.874776,-10.420432
749,749.png,4,-8.59242,-51.7077
750,750.png,7,-39.068943,1.8019407
751,751.png,5,21.09805,-9.674153
752,752.png,3,-7.7394795,8.522318
753,753.png,7,-22.335617,19.191795
754,754.png,4,-12.718836,-31.317074
755,755.png,9,-14.415723,-9.264787
756,756.png,8,-10.232509,-23.674232
757,757.png,5,24.470308,-18.157013
758,758.png,8,-3.6026084,-27.457745
759,759.png,6,-15.090794,45.094925
760,760.png,3,-14.060233,7.83309
761,761.png,8,6.5197163,-37.502064
762,762.png,6,-28.54107,32.76773
763,763.png,9,-23.53718,-16.571423
764,764.png,9,-48.875626,-21.173693
765,765.png,1,23.628592,18.928602
766,766.png,8,0.2151557,-30.89645
767,767.png,3,7.1280875,8.643119
768,768.png,5,19.336641,-12.413454
769,769.png,8,6.899858,-38.44032
770,770.png,6,-42.672478,35.15982
771,771.png,5,22.073006,-18.171764
772,772.png,9,-17.075869,-12.684923
773,773.png,7,-30.888512,13.66354
774,774.png,2,45.967857,10.978926
775,775.png,5,30.294964,-28.475784
776,776.png,0,30.019453,0.7122467
777,777.png,8,5.0850587,-40.298664
778,778.png,5,16.739912,-12.393007
779,779.png,1,26.1433,9.201446
780,780.png,1,14.226624,47.956154
781,781.png,0,35.029865,-20.603374
782,782.png,9,-31.287832,-21.554914
783,783.png,1,26.033041,9.031301
784,784.png,8,5.1561894,-24.667934
785,785.png,6,-8.495697,39.642406
786,786.png,7,-43.35878,-4.4442873
787,787.png,0,37.27569,-19.641136
788,788.png,9,-31.021933,-23.262388
789,789.png,3,7.427199,8.2954855
790,790.png,0,48.522213,-16.235828
791,791.png,8,8.573678,-37.817085
792,792.png,8,-6.8097563,-14.05325
793,793.png,9,-16.95497,-10.273659
794,794.png,6,-5.1928983,37.2246
795,795.png,7,-19.938377,13.327625
796,796.png,8,4.21556,-28.128828
797,797.png,4,-16.935167,-41.63659
798,798.png,7,-40.927967,2.7590852
799,799.png,5,20.610367,-8.20709
800,800.png,9,-30.388372,-20.195826
801,801.png,2,44.82996,28.987574
802,802.png,6,-21.132847,34.45046
803,803.png,7,-19.7957,13.879666
804,804.png,4,-38.32115,-38.04523
805,805.png,5,20.539526,-8.331564
806,806.png,9,-30.443748,-16.385838
807,807.png,2,44.516647,29.197264
808,808.png,3,-9.015874,-0.8097631
809,809.png,1,23.679495,19.313185
810,810.png,6,-25.179224,28.512817
811,811.png,3,9.088056,3.8615658
812,812.png,9,-36.864807,-13.862138
813,813.png,2,45.771618,31.016367
814,814.png,2,32.84127,32.728867
815,815.png,5,19.177067,-7.854213
816,816.png,6,-15.647549,37.361973
817,817.png,8,9.549066,-37.53541
818,818.png,0,35.936203,-5.9019694
819,819.png,7,-38.434353,16.153461
820,820.png,7,-48.45413,-2.7366612
821,821.png,1,23.892958,2.8384774
822,822.png,9,-20.852821,-1.9616314
823,823.png,8,5.8120284,-40.317356
824,824.png,7,-38.969887,-0.6613291
825,825.png,0,30.422318,-19.48283
826,826.png,9,-46.126827,-25.90967
827,827.png,9,-16.558535,-6.028423
828,828.png,4,-42.215702,-39.78501
829,829.png,6,-7.898039,36.75513
830,830.png,2,27.561403,33.114662
831,831.png,8,7.6631737,-39.711914
832,832.png,5,19.61332,-10.78657
833,833.png,1,23.666937,18.898245
834,834.png,4,-23.115938,-35.536587
835,835.png,1,26.971064,13.219918
836,836.png,5,10.920221,-10.861372
837,837.png,5,20.657467,-8.127229
838,838.png,1,7.686447,32.939816
839,839.png,7,-25.41305,14.717433
840,840.png,3,1.6717917,7.3495865
841,841.png,6,-10.736235,40.622204
842,842.png,4,-36.97834,-42.420208
843,843.png,3,10.316886,1.9471697
844,844.png,2,42.367847,8.378297
845,845.png,5,20.825493,-8.533681
846,846.png,6,-14.414112,20.105785
847,847.png,4,-16.687038,-48.02555
848,848.png,4,-39.494015,-35.50685
849,849.png,0,27.34132,-13.276736
850,850.png,4,-15.116162,-26.58525
851,851.png,4,-18.950397,-49.565506
852,852.png,6,-8.520682,29.185564
853,853.png,7,-24.355145,16.74494
854,854.png,2,-33.53532,-23.48065
855,855.png,4,-18.87362,-49.54051
856,856.png,3,-4.101943,-1.2119703
857,857.png,3,11.726741,3.6266432
858,858.png,8,3.6457517,-36.15344
859,859.png,0,31.172808,-19.979338
860,860.png,0,34.642094,-14.668661
861,861.png,3,9.154245,3.8170333
862,862.png,2,35.084534,25.452087
863,863.png,2,43.815147,34.08555
864,864.png,9,-24.422367,1.9350975
865,865.png,8,8.939163,-39.83827
866,866.png,2,28.696697,17.379988
867,867.png,3,9.838455,3.807378
868,868.png,7,-32.91116,5.643438
869,869.png,0,29.42973,-16.021572
870,870.png,1,2.5606039,55.259903
871,871.png,1,26.178022,11.064659
872,872.png,0,49.01853,-0.68501955
873,873.png,2,44.68396,10.604991
874,874.png,3,3.5147645,15.7726755
875,875.png,3,-7.5763097,12.740056
876,876.png,8,-6.339948,-20.583511
877,877.png,4,-25.437521,-42.223053
878,878.png,3,-5.8798146,-2.9379768
879,879.png,5,28.34663,-40.236996
880,880.png,7,-26.865906,15.157505
881,881.png,6,-16.652636,34.541023
882,882.png,4,-39.434593,-40.752045
883,883.png,7,-41.915737,17.941063
884,884.png,7,6.2157354,21.938955
885,885.png,8,7.247272,-42.03668
886,886.png,5,11.818761,-7.470247
887,887.png,9,-16.509926,-12.547155
888,888.png,7,-34.964336,7.8583274
889,889.png,0,33.753265,-23.905773
890,890.png,3,-1.530975,6.04854
891,891.png,1,26.111763,10.853376
892,892.png,6,18.368383,42.960396
893,893.png,2,41.55596,9.090115
894,894.png,4,-9.828181,-35.459
895,895.png,3,-4.97464,10.556961
896,896.png,4,-8.972338,-51.81489
897,897.png,4,-16.319834,-50.213223
898,898.png,7,-31.691832,1.4024552
899,899.png,5,31.061737,-35.75874
900,900.png,9,-29.209133,-5.074991
901,901.png,6,-9.791965,37.888412
902,902.png,9,37.16637,-11.284374
903,903.png,0,29.551394,-19.7386
904,904.png,7,-44.978954,2.2154145
905,905.png,1,24.146683,6.0192404
906,906.png,4,-30.48631,-30.232574
907,907.png,2,45.949238,8.494039
908,908.png,7,-52.562405,0.8486804
909,909.png,3,11.516537,4.9834456
910,910.png,6,-26.186934,45.35497
911,911.png,7,-24.124964,19.009985
912,912.png,5,16.230364,-23.445347
913,913.png,8,13.054834,-44.449905
914,914.png,4,-30.874561,-40.783676
915,915.png,5,27.617239,-37.442516
916,916.png,5,2.1691082,-11.497156
917,917.png,2,51.538208,17.164488
918,918.png,7,-18.138798,8.790792
919,919.png,1,26.651018,9.377174
920,920.png,1,13.87299,34.387848
921,921.png,5,27.350504,-36.851463
922,922.png,6,-8.629478,24.477428
923,923.png,8,6.413234,-41.922455
924,924.png,5,4.9452696,-7.78827
925,925.png,8,4.549475,-42.020588
926,926.png,4,-34.353695,-36.293457
927,927.png,0,30.64828,-13.729823
928,928.png,7,-29.410604,13.120771
929,929.png,9,-15.055163,-13.618986
930,930.png,9,-16.534872,-9.955668
931,931.png,2,51.428627,15.304323
932,932.png,9,-40.99095,-15.339276
933,933.png,7,-29.249645,22.12434
934,934.png,7,-39.190113,23.708805
935,935.png,8,16.333559,-44.24634
936,936.png,7,-37.081047,-0.43861768
937,937.png,4,-7.856255,-49.15868
938,938.png,2,26.287659,30.647448
939,939.png,6,-3.4718225,33.531326
940,940.png,9,-35.582195,-22.131348
941,941.png,1,28.190779,10.009603
942,942.png,7,-46.886444,17.308723
943,943.png,0,25.44872,-13.056337
944,944.png,6,-32.64458,40.622738
945,945.png,4,-10.154129,-42.191406
946,946.png,2,24.768644,24.360313
947,947.png,5,26.5194,-39.678646
948,948.png,7,-18.194536,8.714207
949,949.png,0,31.235035,-18.993742
950,950.png,7,-31.85942,0.6395764
951,951.png,1,22.881224,6.8666263
952,952.png,0,32.59653,-3.286291
953,953.png,3,-0.20228606,-0.38106945
954,954.png,7,-26.528587,16.18026
955,955.png,6,-5.782743,34.501934
956,956.png,5,17.984432,-8.860311
957,957.png,0,26.095837,-13.051944
958,958.png,6,-15.36548,29.843414
959,959.png,1,26.16937,4.335505
960,960.png,5,9.581702,-17.27882
961,961.png,1,27.958931,9.500779
962,962.png,7,-44.63755,12.06583
963,963.png,8,10.644287,-37.943287
964,964.png,5,21.325861,-28.428846
965,965.png,0,29.746456,-17.402437
966,966.png,3,-12.181305,17.136946
967,967.png,4,-16.357666,-50.24961
968,968.png,7,-34.26483,-0.424488
969,969.png,7,-40.141003,21.930122
970,970.png,5,10.828447,-6.799464
971,971.png,7,-28.109838,22.60598
972,972.png,8,-4.178352,-35.300983
973,973.png,6,-6.0823083,35.586357
974,974.png,9,-10.347958,-16.726927
975,975.png,3,6.45796,14.965283
976,976.png,8,-2.6192188,-30.605377
977,977.png,6,-3.3917298,34.424335
978,978.png,1,8.748123,54.80494
979,979.png,0,26.611698,-13.358899
980,980.png,9,-30.487259,-6.0921326
981,981.png,7,-25.156662,20.375559
982,982.png,1,12.504275,41.5729
983,983.png,3,-0.1286247,-0.5124008
984,984.png,0,50.18719,-2.3450813
985,985.png,5,28.958954,-35.405464
986,986.png,6,-33.41085,38.597095
987,987.png,4,-13.286809,-48.882576
988,988.png,4,-23.983126,-37.899178
989,989.png,2,49.189915,11.772746
990,990.png,4,-38.298416,-41.51268
991,991.png,4,-19.059704,-49.87976
992,992.png,3,-1.0491123,17.172314
993,993.png,1,28.136345,9.923413
994,994.png,7,-46.156277,12.572974
995,995.png,7,-31.873966,23.307156
996,996.png,6,-15.82411,23.196384
997,997.png,0,29.681736,-19.622108
998,998.png,3,0.34551248,17.423256
999,999.png,6,-3.4643152,34.049488
1000,1000.png,0,32.950096,-4.2208414
